-- Deletando banco caso exista
DROP DATABASE IF EXISTS ecommerce;
-- Criando arquivo
create database ecommerce;
-- Acessando arquivo
use ecommerce;
-- Criado tabelas
-- Create the database schema
CREATE TABLE usuarios (
    id INT PRIMARY KEY,
    nome VARCHAR(255),
    email VARCHAR(255) UNIQUE,
    senha VARCHAR(255),
    celular VARCHAR(255),
    cpf VARCHAR(14) UNIQUE,
    criado_em TIMESTAMP
);

CREATE TABLE enderecos (
    id INT PRIMARY KEY,
    cliente_id INT,
    rua VARCHAR(255),
    numero VARCHAR(50),
    bairro VARCHAR(255),
    cidade VARCHAR(255),
    estado VARCHAR(2),
    cep VARCHAR(10)
);

CREATE TABLE categorias (
    id INT PRIMARY KEY,
    nome VARCHAR(255),
    descricao TEXT
);

CREATE TABLE produtos (
    id INT PRIMARY KEY,
    nome VARCHAR(255),
    descricao TEXT,
    preco DECIMAL(10, 2),
    estoque INT,
    categoria_id INT
);

CREATE TABLE pedidos (
    id INT PRIMARY KEY,
    cliente_id INT,
    data_pedido TIMESTAMP,
    status VARCHAR(50),
    total DECIMAL(10, 2)
);

CREATE TABLE itens_pedido (
    id INT PRIMARY KEY,
    pedido_id INT,
    produto_id INT,
    quantidade INT,
    preco_unitario DECIMAL(10, 2)
);
-- Índices para otimizar buscas e junções
CREATE INDEX idx_enderecos_cliente_id ON enderecos (cliente_id);
CREATE INDEX idx_produtos_categoria_id ON produtos (categoria_id);
CREATE INDEX idx_pedidos_cliente_id ON pedidos (cliente_id);
CREATE INDEX idx_itens_pedido_pedido_id ON itens_pedido (pedido_id);
CREATE INDEX idx_itens_pedido_produto_id ON itens_pedido (produto_id);
-- Chaves Estrangeiras para garantir a integridade referencial
ALTER TABLE enderecos
ADD CONSTRAINT fk_enderecos_cliente_id FOREIGN KEY (cliente_id) REFERENCES usuarios(id);

ALTER TABLE produtos
ADD CONSTRAINT fk_produtos_categoria_id FOREIGN KEY (categoria_id) REFERENCES categorias(id);

ALTER TABLE pedidos
ADD CONSTRAINT fk_pedidos_cliente_id FOREIGN KEY (cliente_id) REFERENCES usuarios(id);

ALTER TABLE itens_pedido
ADD CONSTRAINT fk_itens_pedido_pedido_id FOREIGN KEY (pedido_id) REFERENCES pedidos(id);

ALTER TABLE itens_pedido
ADD CONSTRAINT fk_itens_pedido_produto_id FOREIGN KEY (produto_id) REFERENCES produtos(id);


INSERT INTO usuarios (id, nome, email, senha, celular, cpf, criado_em) VALUES
(1, 'Ana Clara Silva', 'anaclara.silva@example.com', 'senha123!', '(11) 98765-4321', '123.456.789-01', NOW()),
(2, 'João Pedro Santos', 'joao.santos@example.net', 'joaopedro@2024', '(21) 91234-5678', '987.654.321-09', NOW()),
(3, 'Maria Eduarda Oliveira', 'maria.eduarda@example.org', 'maria_ed_pwd#', '(31) 95555-4444', '456.789.012-34', NOW()),
(4, 'Pedro Henrique Costa', 'pedro.henrique@example.com', 'p3dr0h3n', '(41) 99888-7777', '789.012.345-67', NOW()),
(5, 'Juliana Almeida', 'juliana.almeida@example.net', 'jualm_pass_1', '(51) 96666-3333', '012.345.678-90', NOW()),
(6, 'Carlos Roberto Souza', 'carlos.souza@example.org', 'carlos_souza#', '(61) 92222-1111', '345.678.901-23', NOW()),
(7, 'Mariana Ferreira', 'mariana.ferreira@example.com', 'm4ri4n4_f3rr31r4', '(71) 97777-0000', '678.901.234-56', NOW()),
(8, 'Gabriel Lima', 'gabriel.lima@example.net', 'gabriel_lima_senha', '(81) 94444-9999', '901.234.567-89', NOW()),
(9, 'Larissa Mendes', 'larissa.mendes@example.org', 'larissa_mendes_01', '(91) 93333-8888', '234.567.890-12', NOW()),
(10, 'Rafael Gomes', 'rafael.gomes@example.com', 'rafael_gomes_pwd!', '(84) 91111-2222', '567.890.123-45', NOW()),
(11, 'Isabela Martins', 'isabela.martins@example.net', 'isabela_m@2024', '(85) 90000-5555', '890.123.456-78', NOW()),
(12, 'Lucas Santos', 'lucas.santos@example.org', 'lucas_sant_pwd#', '(86) 98888-0000', '123.456.789-12', NOW()),
(13, 'Beatriz Pires', 'beatriz.pires@example.com', 'beatriz_p_pass', '(87) 97777-1111', '456.789.012-45', NOW()),
(14, 'Fernanda Costa', 'fernanda.costa@example.net', 'fernanda_c@2024', '(88) 96666-2222', '789.012.345-78', NOW()),
(15, 'Gustavo Souza', 'gustavo.souza@example.org', 'gustavo_s_pwd#', '(89) 95555-3333', '012.345.678-01', NOW()),
(16, 'Camila Rocha', 'camila.rocha@example.com', 'camila_r@2024', '(92) 94444-4444', '345.678.901-34', NOW()),
(17, 'Felipe Oliveira', 'felipe.oliveira@example.net', 'felipe_o_pwd', '(93) 93333-5555', '678.901.234-67', NOW()),
(18, 'Ana Paula Gomes', 'anapaula.gomes@example.org', 'anapaula_g@2024', '(94) 92222-6666', '901.234.567-90', NOW()),
(19, 'Daniel Fernandes', 'daniel.fernandes@example.com', 'daniel_f_pass!', '(95) 91111-7777', '234.567.890-23', NOW()),
(20, 'Luiza Ribeiro', 'luiza.ribeiro@example.net', 'luiza_r@2024', '(96) 90000-8888', '567.890.123-56', NOW()),
(21, 'Guilherme Castro', 'guilherme.castro@example.org', 'guilherme_c_pwd#', '(97) 98765-4321', '890.123.456-89', NOW()),
(22, 'Sofia Lima', 'sofia.lima@example.com', 'sofia_l_pass', '(98) 91234-5678', '123.456.789-23', NOW()),
(23, 'Rodrigo Barbosa', 'rodrigo.barbosa@example.net', 'rodrigo_b@2024', '(99) 95555-4444', '456.789.012-56', NOW()),
(24, 'Amanda Rocha', 'amanda.rocha@example.org', 'amanda_r_pwd#', '(11) 99888-7777', '789.012.345-89', NOW()),
(25, 'Vitor Gomes', 'vitor.gomes@example.com', 'vitor_g_pass', '(21) 96666-3333', '012.345.678-12', NOW()),
(26, 'Bruna Fernandes', 'bruna.fernandes@example.net', 'bruna_f@2024', '(31) 92222-1111', '345.678.901-45', NOW()),
(27, 'Thiago Lima', 'thiago.lima@example.org', 'thiago_l_pwd#', '(41) 97777-0000', '678.901.234-78', NOW()),
(28, 'Paula Ribeiro', 'paula.ribeiro@example.com', 'paula_r_pass', '(51) 94444-9999', '901.234.567-01', NOW()),
(29, 'Eduardo Martins', 'eduardo.martins@example.net', 'eduardo_m@2024', '(61) 93333-8888', '234.567.890-34', NOW()),
(30, 'Julia Dias', 'julia.dias@example.org', 'julia_d_pwd#', '(71) 91111-2222', '567.890.123-67', NOW());

INSERT INTO enderecos (id, cliente_id, rua, numero, bairro, cidade, estado, cep) VALUES
(1, 1, 'Rua das Flores', '123', 'Centro', 'São Paulo', 'SP', '01000-000'),
(2, 2, 'Avenida Brasil', '456', 'Jardim América', 'Rio de Janeiro', 'RJ', '20000-000'),
(3, 3, 'Praça da Liberdade', '789', 'Savassi', 'Belo Horizonte', 'MG', '30000-000'),
(4, 4, 'Rua XV de Novembro', '101', 'Centro', 'Curitiba', 'PR', '80000-000'),
(5, 5, 'Rua da Praia', '202', 'Centro', 'Porto Alegre', 'RS', '90000-000'),
(6, 6, 'Setor Comercial Sul', '303', 'Asa Sul', 'Brasília', 'DF', '70000-000'),
(7, 7, 'Rua do Sol', '404', 'Pituba', 'Salvador', 'BA', '40000-000'),
(8, 8, 'Rua da Aurora', '505', 'Boa Viagem', 'Recife', 'PE', '50000-000'),
(9, 9, 'Avenida Atlântica', '606', 'Meireles', 'Fortaleza', 'CE', '60000-000'),
(10, 10, 'Rua Direita', '707', 'Centro', 'Natal', 'RN', '59000-000'),
(11, 11, 'Rua das Palmeiras', '808', 'Lagoa da Conceição', 'Florianópolis', 'SC', '88000-000'),
(12, 12, 'Rua do Comércio', '909', 'Centro', 'Manaus', 'AM', '69000-000'),
(13, 13, 'Rua da Matriz', '111', 'Centro', 'Goiânia', 'GO', '74000-000'),
(14, 14, 'Rua do Rosário', '222', 'Ponta Verde', 'Maceió', 'AL', '57000-000'),
(15, 15, 'Avenida Principal', '333', 'Aldeota', 'Fortaleza', 'CE', '60000-123'),
(16, 16, 'Rua da Paz', '444', 'Setor Oeste', 'Goiânia', 'GO', '74000-123'),
(17, 17, 'Rua das Gaivotas', '555', 'Barra da Tijuca', 'Rio de Janeiro', 'RJ', '22000-123'),
(18, 18, 'Avenida das Américas', '666', 'Jardins', 'São Paulo', 'SP', '01234-567'),
(19, 19, 'Rua das Pedras', '777', 'Ipanema', 'Rio de Janeiro', 'RJ', '22000-456'),
(20, 20, 'Rua do Cedro', '888', 'Moema', 'São Paulo', 'SP', '04000-123'),
(21, 21, 'Rua da Saudade', '999', 'Bairro Novo', 'Olinda', 'PE', '53000-000'),
(22, 22, 'Rua da Alegria', '120', 'Jardim Botânico', 'Curitiba', 'PR', '80000-123'),
(23, 23, 'Avenida do Contorno', '234', 'Santo Agostinho', 'Belo Horizonte', 'MG', '30190-000'),
(24, 24, 'Rua São João', '345', 'Centro', 'Porto Alegre', 'RS', '90000-456'),
(25, 25, 'Rua do Sol', '456', 'Centro', 'Natal', 'RN', '59000-123'),
(26, 26, 'Rua da Harmonia', '567', 'Asa Norte', 'Brasília', 'DF', '70000-456'),
(27, 27, 'Rua da Esperança', '678', 'Pituba', 'Salvador', 'BA', '40000-789'),
(28, 28, 'Avenida Maracanã', '789', 'Maracanã', 'Rio de Janeiro', 'RJ', '20000-789'),
(29, 29, 'Rua da Fortuna', '890', 'Centro', 'Recife', 'PE', '50000-789'),
(30, 30, 'Rua do Futuro', '901', 'Meireles', 'Fortaleza', 'CE', '60000-789');

INSERT INTO categorias (id, nome, descricao) VALUES
(1, 'Eletrônicos', 'Dispositivos eletrônicos e gadgets.'),
(2, 'Livros', 'Livros de ficção, não ficção, e literatura.'),
(3, 'Roupas', 'Vestuário masculino, feminino e infantil.'),
(4, 'Casa & Decoração', 'Artigos para o lar e decoração.'),
(5, 'Esportes', 'Equipamentos e acessórios para atividades físicas.'),
(6, 'Beleza & Saúde', 'Produtos de cuidados pessoais e bem-estar.'),
(7, 'Brinquedos', 'Brinquedos para crianças e jogos.'),
(8, 'Ferramentas', 'Ferramentas manuais e elétricas.'),
(9, 'Alimentos & Bebidas', 'Produtos alimentícios e bebidas.'),
(10, 'Jardinagem', 'Equipamentos e acessórios para jardinagem.'),
(11, 'Pet Shop', 'Produtos para animais de estimação.'),
(12, 'Automotivo', 'Acessórios e peças para veículos.'),
(13, 'Música', 'Instrumentos musicais e acessórios.'),
(14, 'Filmes', 'DVDs, Blu-rays e filmes em geral.'),
(15, 'Jogos de Tabuleiro', 'Jogos de tabuleiro e cartas.'),
(16, 'Materiais de Escritório', 'Artigos de papelaria e escritório.'),
(17, 'Computadores', 'Desktops, notebooks e componentes.'),
(18, 'Celulares', 'Smartphones e acessórios.'),
(19, 'TVs', 'Televisores e equipamentos de áudio/vídeo.'),
(20, 'Câmeras', 'Câmeras digitais e acessórios.'),
(21, 'Eletrodomésticos', 'Eletrodomésticos para cozinha e casa.'),
(22, 'Cama, Mesa & Banho', 'Artigos têxteis para o lar.'),
(23, 'Bijuterias', 'Acessórios de moda e bijuterias.'),
(24, 'Bolsas & Malas', 'Bolsas, mochilas e malas.'),
(25, 'Instrumentos de Corda', 'Violões, guitarras, etc.'),
(26, 'Instrumentos de Sopro', 'Flautas, saxofones, etc.'),
(27, 'Tênis', 'Tênis e calçados esportivos.'),
(28, 'Bicicletas', 'Bicicletas e acessórios.'),
(29, 'Suplementos', 'Suplementos alimentares e vitaminas.'),
(30, 'Jogos de RPG', 'Jogos de interpretação de papéis.');

INSERT INTO produtos (id, nome, descricao, preco, estoque, categoria_id) VALUES
(1, 'Smartphone X', 'Smartphone de última geração com câmera 108MP', 1500.00, 50, 18),
(2, 'Notebook Gamer Pro', 'Notebook de alto desempenho para jogos', 4500.00, 15, 17),
(3, 'Livro "O Códex Secreto"', 'Suspense sobre uma antiga sociedade secreta', 35.50, 200, 2),
(4, 'Camiseta Casual', 'Camiseta de algodão com estampa minimalista', 50.00, 150, 3),
(5, 'Cadeira de Escritório Ergonômica', 'Cadeira com suporte lombar ajustável', 400.00, 30, 4),
(6, 'Halteres 10kg', 'Conjunto de halteres para treino em casa', 120.00, 75, 5),
(7, 'Perfume Essência', 'Fragrância floral para uso diário', 85.00, 110, 6),
(8, 'Blocos de Montar Grande', 'Conjunto de blocos coloridos para crianças', 60.00, 90, 7),
(9, 'Kit de Chaves de Fenda', 'Kit com 10 chaves de fenda de diversos tamanhos', 45.00, 250, 8),
(10, 'Café Gourmet 500g', 'Café 100% arábica com torra média', 25.00, 300, 9),
(11, 'Mangueira de Jardim', 'Mangueira de 20 metros com bico ajustável', 70.00, 80, 10),
(12, 'Ração Premium para Gatos', 'Ração balanceada para gatos adultos', 40.00, 120, 11),
(13, 'Capa de Volante', 'Capa de couro para volante de carro', 30.00, 100, 12),
(14, 'Teclado Musical', 'Teclado de 61 teclas com diversas funções', 250.00, 40, 13),
(15, 'DVD Filme "A Jornada"', 'Filme de aventura em alta definição', 20.00, 150, 14),
(16, 'Jogo de Tabuleiro "Aventura na Ilha"', 'Jogo de estratégia para 2-4 jogadores', 90.00, 60, 15),
(17, 'Caneta Esferográfica', 'Caixa com 12 canetas azuis', 15.00, 500, 16),
(18, 'Monitor LED 27 polegadas', 'Monitor Full HD com taxa de atualização de 144Hz', 1200.00, 25, 19),
(19, 'Câmera DSLR', 'Câmera profissional com lente 18-55mm', 2000.00, 10, 20),
(20, 'Liquidificador Classic', 'Liquidificador com copo de vidro resistente', 180.00, 70, 21),
(21, 'Jogo de Lençol Casal', 'Jogo com 4 peças em 100% algodão', 100.00, 95, 22),
(22, 'Colar de Prata', 'Colar com pingente de coração em prata 925', 65.00, 130, 23),
(23, 'Mochila Urbana', 'Mochila com compartimento para notebook', 150.00, 80, 24),
(24, 'Violão Acústico', 'Violão de cordas de aço para iniciantes', 300.00, 50, 25),
(25, 'Flauta Doce', 'Flauta doce de resina para estudantes', 25.00, 200, 26),
(26, 'Tênis de Corrida X', 'Tênis leve e confortável para corrida', 180.00, 70, 27),
(27, 'Bicicleta Mountain Bike', 'Bicicleta com 21 marchas e suspensão dianteira', 800.00, 20, 28),
(28, 'Whey Protein 900g', 'Suplemento de proteína concentrada', 110.00, 45, 29),
(29, 'Jogo de RPG "Reino de Eldoria"', 'Livro base e cenário para RPG de mesa', 120.00, 35, 30),
(30, 'Aspirador de Pó Robô', 'Aspirador de pó automático com mapeamento a laser', 950.00, 18, 21);

INSERT INTO pedidos (id, cliente_id, data_pedido, status, total) VALUES
(1, 1, NOW(), 'Pago', 180.00),
(2, 2, NOW(), 'Enviado', 2500.00),
(3, 3, NOW(), 'Cancelado', 35.50),
(4, 4, NOW(), 'Pago', 50.00),
(5, 5, NOW(), 'Enviado', 400.00),
(6, 6, NOW(), 'Pago', 120.00),
(7, 7, NOW(), 'Enviado', 85.00),
(8, 8, NOW(), 'Pago', 60.00),
(9, 9, NOW(), 'Cancelado', 45.00),
(10, 10, NOW(), 'Enviado', 25.00),
(11, 11, NOW(), 'Pago', 70.00),
(12, 12, NOW(), 'Enviado', 40.00),
(13, 13, NOW(), 'Pago', 30.00),
(14, 14, NOW(), 'Cancelado', 250.00),
(15, 15, NOW(), 'Pago', 20.00),
(16, 16, NOW(), 'Enviado', 90.00),
(17, 17, NOW(), 'Pendente', 15.00),
(18, 18, NOW(), 'Pago', 1200.00),
(19, 19, NOW(), 'Enviado', 2000.00),
(20, 20, NOW(), 'Pago', 180.00),
(21, 21, NOW(), 'Enviado', 100.00),
(22, 22, NOW(), 'Pago', 65.00),
(23, 23, NOW(), 'Enviado', 150.00),
(24, 24, NOW(), 'Pendente', 300.00),
(25, 25, NOW(), 'Cancelado', 25.00),
(26, 26, NOW(), 'Pago', 180.00),
(27, 27, NOW(), 'Enviado', 800.00),
(28, 28, NOW(), 'Pendente', 110.00),
(29, 29, NOW(), 'Pago', 120.00),
(30, 30, NOW(), 'Enviado', 950.00);

INSERT INTO itens_pedido (id, pedido_id, produto_id, quantidade, preco_unitario) VALUES
(1, 1, 6, 1, 120.00),
(2, 2, 2, 1, 4500.00),
(3, 3, 3, 1, 35.50),
(4, 4, 4, 1, 50.00),
(5, 5, 5, 1, 400.00),
(6, 6, 6, 1, 120.00),
(7, 7, 7, 1, 85.00),
(8, 8, 8, 1, 60.00),
(9, 9, 9, 1, 45.00),
(10, 10, 10, 1, 25.00),
(11, 11, 11, 1, 70.00),
(12, 12, 12, 1, 40.00),
(13, 13, 13, 1, 30.00),
(14, 14, 14, 1, 250.00),
(15, 15, 15, 1, 20.00),
(16, 16, 16, 1, 90.00),
(17, 17, 17, 1, 15.00),
(18, 18, 18, 1, 1200.00),
(19, 19, 19, 1, 2000.00),
(20, 20, 20, 1, 180.00),
(21, 21, 21, 1, 100.00),
(22, 22, 22, 1, 65.00),
(23, 23, 23, 1, 150.00),
(24, 24, 24, 1, 300.00),
(25, 25, 25, 1, 25.00),
(26, 26, 26, 1, 180.00),
(27, 27, 27, 1, 800.00),
(28, 28, 28, 1, 110.00),
(29, 29, 29, 1, 120.00),
(30, 30, 30, 1, 950.00);